{"cameraMode":{"drawMode":0,"name":"Shaded","section":"Shading Mode"},"sceneLighting":true,"audioPlay":false,"sceneViewState":{"showFog":true,"showMaterialUpdate":true,"showSkybox":true,"showFlares":true,"showImageEffects":true,"showParticleSystems":true},"in2DMode":false,"pivot":{"x":-0.18015718460083009,"y":2.8329696655273439,"z":5.6669416427612309},"rotation":{"x":0.011977434158325196,"y":-0.9870415329933167,"z":-0.08876533806324005,"w":-0.13314029574394227},"size":10.0,"orthographic":false}